user_id,job_id,interaction_score,timestamp
7dbb8224,https://www.linkedin.com/jobs/view/behavior-therapist-for-autism-aba-at-bright-achievements-3787901973,1,2025-03-20 15:37:51
7dbb8224,https://www.linkedin.com/jobs/view/rbt-registered-behavior-technician-at-total-care-aba-therapy-3787934720,1,2025-03-20 15:37:51
7dbb8224,https://www.linkedin.com/jobs/view/rbt-registered-behavior-technician-at-total-care-aba-therapy-3787930826,1,2025-03-20 15:37:51
7dbb8224,https://www.linkedin.com/jobs/view/board-certified-behavior-analyst-at-healthcare-talent-support-3779108606,1,2025-03-20 15:37:51
7dbb8224,https://www.linkedin.com/jobs/view/rbt-registered-behavior-technician-at-total-care-aba-therapy-3787933753,1,2025-03-20 15:37:51
7dbb8224,https://www.linkedin.com/jobs/view/residential-energy-analyst-houston-tx-in-houston-tx-usa-at-energy-jobline-3789407945,1,2025-03-20 15:40:49
7dbb8224,https://www.linkedin.com/jobs/view/siu-auto-investigator-greater-houston-tx-in-houston-tx-usa-at-energy-jobline-3792848115,1,2025-03-20 15:40:49
7dbb8224,https://www.linkedin.com/jobs/view/veterinarian-full-service-small-animal-practice-houston-tx-at-the-vet-recruiter-3787268944,1,2025-03-20 15:40:49
7dbb8224,https://www.linkedin.com/jobs/view/service-advisor-in-houston-tx-usa-at-energy-jobline-3791602550,1,2025-03-20 15:40:49
7dbb8224,https://www.linkedin.com/jobs/view/manager-district-partnerships-at-good-reason-houston-3787750097,1,2025-03-20 15:40:49
3a64cf8b,https://www.linkedin.com/jobs/view/senior-construction-project-engineer-in-los-angeles-ca-usa-at-energy-jobline-3790101515,1,2025-03-20 15:52:01
3a64cf8b,https://www.linkedin.com/jobs/view/emergency-veterinarian-state-of-the-art-practice-in-los-angeles-ca-at-the-vet-recruiter-3801650321,1,2025-03-20 15:52:01
3a64cf8b,https://www.linkedin.com/jobs/view/video-production-manager-at-progressive-dental-llc-3798158081,1,2025-03-20 15:52:01
3a64cf8b,https://www.linkedin.com/jobs/view/architect-job-captain-in-los-angeles-ca-usa-at-energy-jobline-3792005083,1,2025-03-20 15:52:01
3a64cf8b,https://www.linkedin.com/jobs/view/compliance-implementation-manager-los-angeles-ca-at-jdhuntr-in-house-counsel-jobs-3793595538,1,2025-03-20 15:52:01
62dc26b7,https://www.linkedin.com/jobs/view/nurse-practitioner-prn-positions-available-statewide-at-northeast-healthcare-recruitment-inc-3794768159,1,2025-03-25 08:48:13
62dc26b7,https://www.linkedin.com/jobs/view/ct-technologist-at-host-healthcare-inc-3806795882,1,2025-03-25 08:48:13
62dc26b7,https://www.linkedin.com/jobs/view/registered-nurse-rn-at-360-talent-avenue-3775122674,1,2025-03-25 08:48:13
62dc26b7,https://www.linkedin.com/jobs/view/riverhead-retail-co-manager-at-hobby-lobby-3782025455,1,2025-03-25 08:48:13
62dc26b7,https://www.linkedin.com/jobs/view/hematologist-oncologist-%E2%80%93-riverhead-new-york-at-health-ecareers-3793773060,1,2025-03-25 08:48:13
62dc26b7,https://www.linkedin.com/jobs/view/registrar-and-academic-and-college-advisor-at-culver-academies-3783587717,1,2025-03-25 08:49:56
62dc26b7,https://www.linkedin.com/jobs/view/24-25-fellow-at-culver-academies-3805759750,1,2025-03-25 08:49:56
62dc26b7,https://www.linkedin.com/jobs/view/digital-marketing-manager-at-culver-academies-3794768282,1,2025-03-25 08:49:56
62dc26b7,https://www.linkedin.com/jobs/view/assistant-manger-culver-s-at-culver-s-restaurants-3664897516,1,2025-03-25 08:49:56
62dc26b7,https://www.linkedin.com/jobs/view/assistant-manger-culver-s-at-culver-s-restaurants-3664880358,1,2025-03-25 08:49:56
3075ea63,https://www.linkedin.com/jobs/view/app-emergency-medicine-e-at-norton-healthcare-3771364824,1,2025-03-25 08:52:00
3075ea63,https://www.linkedin.com/jobs/view/staff-physician-icc-prn-e-at-norton-healthcare-3771361936,1,2025-03-25 08:52:00
3075ea63,https://www.linkedin.com/jobs/view/rn-positions-at-norton-healthcare-at-norton-healthcare-3771366581,1,2025-03-25 08:52:00
3075ea63,https://www.linkedin.com/jobs/view/assistant-nurse-manager-positions-with-norton-healthcare-at-norton-healthcare-3771368424,1,2025-03-25 08:52:00
3075ea63,https://www.linkedin.com/jobs/view/staff-physician-cardiology-at-practicelink-3757510953,1,2025-03-25 08:52:00
3075ea63,https://www.linkedin.com/jobs/view/evs-lead-floor-tech-at-rx-cleaning-solutions-3783998514,1,2025-03-25 08:53:18
3075ea63,https://www.linkedin.com/jobs/view/lead-installer-windows-doors-in-sandy-ut-usa-at-energy-jobline-3796729119,1,2025-03-25 08:53:18
3075ea63,https://www.linkedin.com/jobs/view/sales-supervisor-at-american-cruise-lines-3792696560,1,2025-03-25 08:53:18
3075ea63,https://www.linkedin.com/jobs/view/lead-installer-windows-doors-in-sandy-ut-usa-at-energy-jobline-3791009656,1,2025-03-25 08:53:18
3075ea63,https://www.linkedin.com/jobs/view/lead-floor-technician-at-st-joseph-s-candler-3762880435,1,2025-03-25 08:53:18
26f02474,https://www.linkedin.com/jobs/view/hospice-care-veterinarian-at-the-vet-recruiter-3785058607,1,2025-03-25 10:27:33
26f02474,https://www.linkedin.com/jobs/view/associate-operating-room-assistant-at-providence-at-health-ecareers-3796297753,1,2025-03-25 10:27:33
26f02474,https://uk.linkedin.com/jobs/view/housekeeping-supervisor-at-kt-t-limited-3772082531,1,2025-03-25 10:27:33
26f02474,https://www.linkedin.com/jobs/view/hospitalist-at-lifespan-3683879733,1,2025-03-25 10:27:33
26f02474,https://www.linkedin.com/jobs/view/associate-operating-room-assistant-at-providence-at-health-ecareers-3795534596,1,2025-03-25 10:27:33
26f02474,https://www.linkedin.com/jobs/view/registrar-and-academic-and-college-advisor-at-culver-academies-3783587717,1,2025-03-25 10:29:36
26f02474,https://www.linkedin.com/jobs/view/24-25-fellow-at-culver-academies-3805759750,1,2025-03-25 10:29:36
26f02474,https://www.linkedin.com/jobs/view/digital-marketing-manager-at-culver-academies-3794768282,1,2025-03-25 10:29:36
26f02474,https://www.linkedin.com/jobs/view/assistant-manger-culver-s-at-culver-s-restaurants-3664897516,1,2025-03-25 10:29:36
26f02474,https://www.linkedin.com/jobs/view/assistant-manger-culver-s-at-culver-s-restaurants-3664880358,1,2025-03-25 10:29:36
26f02474,https://www.linkedin.com/jobs/view/registrar-and-academic-and-college-advisor-at-culver-academies-3783587717,1,2025-03-25 10:29:37
26f02474,https://www.linkedin.com/jobs/view/24-25-fellow-at-culver-academies-3805759750,1,2025-03-25 10:29:37
26f02474,https://www.linkedin.com/jobs/view/digital-marketing-manager-at-culver-academies-3794768282,1,2025-03-25 10:29:37
26f02474,https://www.linkedin.com/jobs/view/assistant-manger-culver-s-at-culver-s-restaurants-3664897516,1,2025-03-25 10:29:37
26f02474,https://www.linkedin.com/jobs/view/assistant-manger-culver-s-at-culver-s-restaurants-3664880358,1,2025-03-25 10:29:37
e2d96f90,https://www.linkedin.com/jobs/view/business-development-manager-trucking-commercialization-at-aurora-3797843949,1,2025-03-25 10:31:42
e2d96f90,https://www.linkedin.com/jobs/view/business-development-manager-trucking-commercialization-at-aurora-3670378362,1,2025-03-25 10:31:42
e2d96f90,https://www.linkedin.com/jobs/view/business-development-manager-trucking-commercialization-at-aurora-3670381223,1,2025-03-25 10:31:42
e2d96f90,https://www.linkedin.com/jobs/view/technical-program-manager-oem-programs-at-aurora-3754994257,1,2025-03-25 10:31:42
e2d96f90,https://www.linkedin.com/jobs/view/staff-systems-safety-engineer-at-aurora-3691005099,1,2025-03-25 10:31:42
e2d96f90,https://www.linkedin.com/jobs/view/senior-construction-project-engineer-in-los-angeles-ca-usa-at-energy-jobline-3790101515,1,2025-03-25 10:33:38
e2d96f90,https://www.linkedin.com/jobs/view/emergency-veterinarian-state-of-the-art-practice-in-los-angeles-ca-at-the-vet-recruiter-3801650321,1,2025-03-25 10:33:38
e2d96f90,https://www.linkedin.com/jobs/view/veterinarian-financially-supported-practice-in-los-angeles-at-the-vet-recruiter-3787828053,1,2025-03-25 10:33:38
e2d96f90,https://www.linkedin.com/jobs/view/architect-job-captain-in-los-angeles-ca-usa-at-energy-jobline-3792005083,1,2025-03-25 10:33:38
e2d96f90,https://www.linkedin.com/jobs/view/energetic-veterinarian-los-angeles-county-ca-%235568-at-the-vet-recruiter-3784005059,1,2025-03-25 10:33:38
0ca264fa,https://www.linkedin.com/jobs/view/oral-surgeon-job-in-chicago-il-at-blue-jay-dental-3797514991,1,2025-03-25 10:35:57
0ca264fa,https://www.linkedin.com/jobs/view/athletic-trainer-chicago-public-schools-chicagoland-at-ati-physical-therapy-3650283125,1,2025-03-25 10:35:57
0ca264fa,https://www.linkedin.com/jobs/view/part-time-merchandiser-chicago-il-river-north-magnificent-mile-at-american-greetings-3719522432,1,2025-03-25 10:35:57
0ca264fa,https://www.linkedin.com/jobs/view/dental-receptionist-admin-we-help-training-new-staff-at-american-dental-associates-ltd-3807299744,1,2025-03-25 10:35:57
0ca264fa,https://www.linkedin.com/jobs/view/chicago-il-general-gastroenterologist-needed-to-join-a-busy-private-practice-call-will-be-1-5-choice-employed-or-partnership-%24-very-high-ptnl%21-at-health-ecareers-3806292550,1,2025-03-25 10:35:57
0ca264fa,https://www.linkedin.com/jobs/view/nurse-practitioner-prn-positions-available-statewide-at-northeast-healthcare-recruitment-inc-3794768159,1,2025-03-25 10:36:56
0ca264fa,https://www.linkedin.com/jobs/view/us-operational-health-safety-security-environment-manager-in-new-york-ny-usa-at-energy-jobline-3791357923,1,2025-03-25 10:36:56
0ca264fa,https://www.linkedin.com/jobs/view/veterinarian-mentorship-training-and-autonomy-in-new-york-ny-at-the-vet-recruiter-3787274178,1,2025-03-25 10:36:56
0ca264fa,https://www.linkedin.com/jobs/view/rn-supervisor-at-diverse-lynx-3792555966,1,2025-03-25 10:36:56
0ca264fa,https://www.linkedin.com/jobs/view/nurse-practitioner-np-new-york-new-york-at-advantmed-3782572322,1,2025-03-25 10:36:56
c56ba4f0,https://www.linkedin.com/jobs/view/residential-energy-analyst-houston-tx-in-houston-tx-usa-at-energy-jobline-3789407945,1,2025-03-25 10:38:22
c56ba4f0,https://www.linkedin.com/jobs/view/siu-auto-investigator-greater-houston-tx-in-houston-tx-usa-at-energy-jobline-3792848115,1,2025-03-25 10:38:22
c56ba4f0,https://www.linkedin.com/jobs/view/veterinarian-full-service-small-animal-practice-houston-tx-at-the-vet-recruiter-3787268944,1,2025-03-25 10:38:22
c56ba4f0,https://www.linkedin.com/jobs/view/service-advisor-in-houston-tx-usa-at-energy-jobline-3791602550,1,2025-03-25 10:38:22
c56ba4f0,https://www.linkedin.com/jobs/view/veterinarian-associate-houston-tx-at-the-vet-recruiter-3786117479,1,2025-03-25 10:38:22
c56ba4f0,https://www.linkedin.com/jobs/view/small-animal-veterinarian-at-the-vet-recruiter-3799939992,1,2025-03-25 10:39:39
c56ba4f0,https://www.linkedin.com/jobs/view/veterinarian-greater-atlanta-ga-at-the-vet-recruiter-3791122845,1,2025-03-25 10:39:39
c56ba4f0,https://www.linkedin.com/jobs/view/small-animal-veterinarian-collaborative-and-supportive-team-greater-atlanta-ga-at-the-vet-recruiter-3786113965,1,2025-03-25 10:39:39
c56ba4f0,https://www.linkedin.com/jobs/view/staff-accountant-cumming-ga-at-vaco-3795116864,1,2025-03-25 10:39:39
c56ba4f0,https://www.linkedin.com/jobs/view/internal-medicine-outpatient-physician-job-atlanta-ga-area%21-at-born-bicknell-inc-3578835745,1,2025-03-25 10:39:39
807cf343,https://www.linkedin.com/jobs/view/oral-surgeon-job-in-chicago-il-at-blue-jay-dental-3797514991,1,2025-03-25 10:41:07
807cf343,https://www.linkedin.com/jobs/view/athletic-trainer-chicago-public-schools-chicagoland-at-ati-physical-therapy-3650283125,1,2025-03-25 10:41:07
807cf343,https://www.linkedin.com/jobs/view/dental-receptionist-admin-we-help-training-new-staff-at-american-dental-associates-ltd-3807299744,1,2025-03-25 10:41:07
807cf343,https://www.linkedin.com/jobs/view/part-time-merchandiser-chicago-il-river-north-magnificent-mile-at-american-greetings-3719522432,1,2025-03-25 10:41:07
807cf343,https://www.linkedin.com/jobs/view/dental-receptionist-admin-we-help-training-new-staff-at-american-dental-associates-ltd-3797387194,1,2025-03-25 10:41:07
807cf343,https://www.linkedin.com/jobs/view/mid-level-architect-boston-ma-or-burlington-vt-in-boston-ma-usa-at-energy-jobline-3791678933,1,2025-03-25 10:42:01
807cf343,https://www.linkedin.com/jobs/view/data-collection-support-consultant-boston-at-symphonyai-3789931900,1,2025-03-25 10:42:01
807cf343,https://www.linkedin.com/jobs/view/project-architect-project-manager-boston-ma-or-burlington-vt-in-boston-ma-usa-at-energy-jobline-3791687032,1,2025-03-25 10:42:01
807cf343,https://www.linkedin.com/jobs/view/investment-business-analyst-boston-ma-at-executive-staff-recruiters-esr-healthcare-3735355387,1,2025-03-25 10:42:01
807cf343,https://www.linkedin.com/jobs/view/vice-president-investment-banking-at-confidential-3793933370,1,2025-03-25 10:42:01
c3706428,https://www.linkedin.com/jobs/view/senior-field-service-engineer-austin-tx-in-austin-tx-usa-at-energy-jobline-3805121186,1,2025-03-25 10:43:14
c3706428,https://www.linkedin.com/jobs/view/temp-education-sales-specialist-austin-tx-at-jbc-3756143186,1,2025-03-25 10:43:14
c3706428,https://www.linkedin.com/jobs/view/part-time-advanced-practice-provider-for-non-invasive-cardiologist-in-austin-tx-at-heart-hospital-of-austin-3801871764,1,2025-03-25 10:43:14
c3706428,https://www.linkedin.com/jobs/view/advanced-heart-failure-cardiologist-opportunity-in-austin-tx-at-doccafe-3743472531,1,2025-03-25 10:43:14
c3706428,https://www.linkedin.com/jobs/view/part-time-advanced-practice-provider-for-non-invasive-cardiologist-in-austin-tx-at-heart-hospital-of-austin-3771456270,1,2025-03-25 10:43:14
c3706428,https://www.linkedin.com/jobs/view/small-animal-veterinarian-at-the-vet-recruiter-3787274226,1,2025-03-25 10:44:16
c3706428,https://www.linkedin.com/jobs/view/architect-in-dallas-tx-usa-at-energy-jobline-3789490029,1,2025-03-25 10:44:16
c3706428,https://www.linkedin.com/jobs/view/veterinarian-growth-opportunities-available-dallas-tx-%236982-at-the-vet-recruiter-3799947249,1,2025-03-25 10:44:16
c3706428,https://www.linkedin.com/jobs/view/ob-gyn-physician-position-in-dallas-tx-at-health-ecareers-3800121997,1,2025-03-25 10:44:16
c3706428,https://www.linkedin.com/jobs/view/hvac-service-lead-in-dallas-tx-usa-at-energy-jobline-3789411241,1,2025-03-25 10:44:16
